keyword,monthly_volume,intent,assigned_page
abonnementiptv,50000,Commercial,/abonnement-iptv
abonnement ip tv,1900,Commercial,/abonnement-iptv
abonement iptv,1000,Commercial,/abonnement-iptv
ip tv abonnement,1000,Commercial,/abonnement-iptv
iptv abonement,880,Commercial,/abonnement-iptv
iptv abonnemen,720,Commercial,/abonnement-iptv
iptv abonnement france,720,Commercial,/abonnement-iptv
iptv player,5000,Commercial,/applications-iptv
lecteur iptv,5000,Commercial,/applications-iptv
application iptv,3600,Commercial,/applications-iptv
meilleur application iptv,1300,Commercial,/applications-iptv
applications iptv,1000,Commercial,/applications-iptv
meilleur appli iptv,1000,Commercial,/applications-iptv
meilleure application iptv,1000,Commercial,/applications-iptv
meilleure app iptv,720,Commercial,/applications-iptv
iptv media player,50,Commercial,/applications-iptv
iptv 4k,1600,Commercial,/blog/iptv-4k-france
iptv with 4k,1300,Commercial,/blog/iptv-4k-france
4k iptv,720,Commercial,/blog/iptv-4k-france
8k iptv,500,Commercial,/blog/iptv-4k-france
iptv 8k,500,Commercial,/blog/iptv-4k-france
iptv a vie,500,Commercial,/blog/iptv-a-vie
iptv lifetime,50,Commercial,/blog/iptv-a-vie
iptv légal,5000,Commercial,/blog/iptv-legal-france
legality of iptv,1300,Informational,/blog/iptv-legal-france
iptv legale,50,Commercial,/blog/iptv-legal-france
iptv bloqué,500,Informational,/blog/iptv-ne-fonctionne-plus
iptv ne fonctionne plus,500,Informational,/blog/iptv-ne-fonctionne-plus
iptv smarter pro bloqué,50,Informational,/blog/iptv-ne-fonctionne-plus
iptv smasters pro introuvable google play,50,Informational,/blog/iptv-ne-fonctionne-plus
orange bloque iptv 2021,50,Informational,/blog/iptv-ne-fonctionne-plus
iptv combien de connexion,50,Informational,/blog/iptv-wifi-ou-ethernet
iptv wifi,50,Informational,/blog/iptv-wifi-ou-ethernet
iptv wifi ou ethernet,50,Informational,/blog/iptv-wifi-ou-ethernet
m3u,5000,Informational,/blog/m3u-iptv
m3u iptv,5000,Informational,/blog/m3u-iptv
iptv list,500,Informational,/blog/m3u-iptv
iptv liste,500,Informational,/blog/m3u-iptv
iptv m3u,500,Informational,/blog/m3u-iptv
iptv m3u list,500,Informational,/blog/m3u-iptv
iptv player m3u,500,Informational,/blog/m3u-iptv
iptv sharing,500,Informational,/blog/m3u-iptv
iptv site,500,Informational,/blog/m3u-iptv
iptv source,500,Informational,/blog/m3u-iptv
liste m3u,500,Informational,/blog/m3u-iptv
liste m3u iptv,500,Informational,/blog/m3u-iptv
liste m3u molotov,500,Informational,/blog/m3u-iptv
m3u list,500,Informational,/blog/m3u-iptv
play list iptv,500,Informational,/blog/m3u-iptv
player m3u,500,Informational,/blog/m3u-iptv
iptv checker,50,Informational,/blog/m3u-iptv
iptv checker online,50,Informational,/blog/m3u-iptv
iptv listas m3u,50,Informational,/blog/m3u-iptv
m3u checker,50,Informational,/blog/m3u-iptv
m3u downloader online,50,Informational,/blog/m3u-iptv
m3u iptv france github,50,Informational,/blog/m3u-iptv
m3u lista,50,Informational,/blog/m3u-iptv
m3u online,50,Informational,/blog/m3u-iptv
m3u premium,50,Commercial,/blog/m3u-iptv
m3u vod,50,Informational,/blog/m3u-iptv
m3u8 iptv,50,Informational,/blog/m3u-iptv
vod m3u,50,Informational,/blog/m3u-iptv
meilleur abonnement iptv,1900,Commercial,/blog/meilleur-abonnement-iptv-france
meilleur lecteur iptv,500,Commercial,/blog/meilleur-lecteur-iptv-france
iptv,500000,Commercial,/blog/qu-est-ce-que-l-iptv
ip television,50000,Informational,/blog/qu-est-ce-que-l-iptv
iptv tv,50000,Commercial,/blog/qu-est-ce-que-l-iptv
ott and iptv,1000,Commercial,/blog/qu-est-ce-que-l-iptv
iptv ott service,880,Commercial,/blog/qu-est-ce-que-l-iptv
ip tele,500,Informational,/blog/qu-est-ce-que-l-iptv
iptv live,500,Commercial,/blog/qu-est-ce-que-l-iptv
iptv television,500,Informational,/blog/qu-est-ce-que-l-iptv
live iptv,500,Commercial,/blog/qu-est-ce-que-l-iptv
tele iptv,500,Commercial,/blog/qu-est-ce-que-l-iptv
tv ip,500,Informational,/blog/qu-est-ce-que-l-iptv
iptv digital,50,Commercial,/blog/qu-est-ce-que-l-iptv
iptv internet,50,Informational,/blog/qu-est-ce-que-l-iptv
iptv live tv,50,Commercial,/blog/qu-est-ce-que-l-iptv
iptv vod,50,Commercial,/blog/qu-est-ce-que-l-iptv
formuler z11 pro max,5000,Commercial,/boitier-formuler
mytvonline,5000,Commercial,/boitier-formuler
box formuler,500,Commercial,/boitier-formuler
iptv formuler,500,Commercial,/boitier-formuler
mytvonline 3,500,Commercial,/boitier-formuler
formuler box,50,Commercial,/boitier-formuler
formuler iptv box,50,Commercial,/boitier-formuler
formuler tv box,50,Commercial,/boitier-formuler
formuler z nano,50,Commercial,/boitier-formuler
formuler z neo,50,Commercial,/boitier-formuler
formuler z+,50,Commercial,/boitier-formuler
formuler z10 pro max 4k,50,Commercial,/boitier-formuler
formuler z10 pro max iptv,50,Commercial,/boitier-formuler
formuler z10 se,50,Commercial,/boitier-formuler
formuler z11,50,Commercial,/boitier-formuler
formuler z11 pro,50,Commercial,/boitier-formuler
formuler z7,50,Commercial,/boitier-formuler
formuler z7+,50,Commercial,/boitier-formuler
formuler z8,50,Commercial,/boitier-formuler
formuler z8 iptv,50,Commercial,/boitier-formuler
formuler z8 pro,50,Commercial,/boitier-formuler
formuler z8 pro 4k,50,Commercial,/boitier-formuler
formuler zx,50,Commercial,/boitier-formuler
iptv boitier,12100,Commercial,/boitier-iptv
boitier iptv,9900,Commercial,/boitier-iptv
box iptv,1300,Commercial,/boitier-iptv
boîtier iptv,1300,Commercial,/boitier-iptv
decodeur iptv,1300,Commercial,/boitier-iptv
iptv box,1300,Commercial,/boitier-iptv
telecommande iptv,1000,Commercial,/boitier-iptv
boitier ip tv,880,Commercial,/boitier-iptv
meilleur box iptv,500,Commercial,/boitier-iptv
iptv sur tv non connectée,50,Informational,/boitier-iptv
local iptv,50,Commercial,/boitier-iptv
media iptv,50,Commercial,/boitier-iptv
my ip tv,50,Commercial,/boitier-iptv
ugoos am7,50,Commercial,/boitier-iptv
atlas iptv,5000,Commercial,/comparatif-iptv
atlas pro iptv,5000,Commercial,/comparatif-iptv
atlaspro,5000,Commercial,/comparatif-iptv
cod iptv,5000,Commercial,/comparatif-iptv
hotiptv,5000,Commercial,/comparatif-iptv
ironiptv,5000,Commercial,/comparatif-iptv
king365,5000,Commercial,/comparatif-iptv
king365 tv,5000,Commercial,/comparatif-iptv
king365tv,5000,Commercial,/comparatif-iptv
kingiptv,5000,Commercial,/comparatif-iptv
mario iptv,5000,Commercial,/comparatif-iptv
ottiptv,5000,Commercial,/comparatif-iptv
pandar tv,5000,Commercial,/comparatif-iptv
premier iptv,5000,Commercial,/comparatif-iptv
pure iptv,5000,Commercial,/comparatif-iptv
pureiptv,5000,Commercial,/comparatif-iptv
room iptv,5000,Commercial,/comparatif-iptv
smart4iptv,5000,Commercial,/comparatif-iptv
iron iptv,2900,Commercial,/comparatif-iptv
hot iptv,1900,Commercial,/comparatif-iptv
agence iptv,1300,Commercial,/comparatif-iptv
fournisseur iptv,1300,Commercial,/comparatif-iptv
iptv atlas,1300,Commercial,/comparatif-iptv
iptv az,1300,Commercial,/comparatif-iptv
agences iptv,1000,Commercial,/comparatif-iptv
majestic iptv,1000,Commercial,/comparatif-iptv
iptv atlas pro,880,Commercial,/comparatif-iptv
orca iptv,880,Commercial,/comparatif-iptv
rg iptv,880,Commercial,/comparatif-iptv
atlas iptv pro,720,Commercial,/comparatif-iptv
elon iptv,720,Commercial,/comparatif-iptv
iptv avis,720,Commercial,/comparatif-iptv
iptv streaming,720,Commercial,/comparatif-iptv
9xtream iptv,590,Commercial,/comparatif-iptv
avis iptv,590,Commercial,/comparatif-iptv
atlaspro in,500,Commercial,/comparatif-iptv
avatar iptv,500,Commercial,/comparatif-iptv
comparatif iptv,500,Commercial,/comparatif-iptv
delta iptv,500,Commercial,/comparatif-iptv
dragon iptv,500,Commercial,/comparatif-iptv
dragoniptv,500,Commercial,/comparatif-iptv
dream tv iptv,500,Commercial,/comparatif-iptv
eagle iptv,500,Commercial,/comparatif-iptv
elite iptv,500,Commercial,/comparatif-iptv
eloniptv,500,Commercial,/comparatif-iptv
euro iptv,500,Commercial,/comparatif-iptv
euroiptv,500,Commercial,/comparatif-iptv
fastiptv,500,Commercial,/comparatif-iptv
foxiptv,500,Commercial,/comparatif-iptv
golden iptv,500,Commercial,/comparatif-iptv
goldiptv,500,Commercial,/comparatif-iptv
iptv 365,500,Commercial,/comparatif-iptv
iptv best,500,Commercial,/comparatif-iptv
iptv com,500,Commercial,/comparatif-iptv
iptv connect,500,Commercial,/comparatif-iptv
iptv dragon,500,Commercial,/comparatif-iptv
iptv fiable,500,Commercial,/comparatif-iptv
iptv fox,500,Commercial,/comparatif-iptv
iptv global,500,Commercial,/comparatif-iptv
iptv hunt,500,Commercial,/comparatif-iptv
iptv max,500,Commercial,/comparatif-iptv
iptv meilleur,500,Commercial,/comparatif-iptv
iptv monster,500,Commercial,/comparatif-iptv
iptv one,500,Commercial,/comparatif-iptv
iptv pro2,500,Commercial,/comparatif-iptv
iptv pure,500,Commercial,/comparatif-iptv
iptv revolution,500,Commercial,/comparatif-iptv
iptv sans coupure,500,Commercial,/comparatif-iptv
iptv secured,500,Commercial,/comparatif-iptv
iptv stable,500,Commercial,/comparatif-iptv
iptv wings,500,Commercial,/comparatif-iptv
iptv x,500,Commercial,/comparatif-iptv
king365 iptv,500,Commercial,/comparatif-iptv
king365tv box v3,500,Commercial,/comparatif-iptv
kingtv365,500,Commercial,/comparatif-iptv
les meilleurs iptv,500,Commercial,/comparatif-iptv
maestro iptv,500,Commercial,/comparatif-iptv
mega ip tv,500,Commercial,/comparatif-iptv
mega iptv,500,Commercial,/comparatif-iptv
megaott,500,Commercial,/comparatif-iptv
meilleur service iptv,500,Commercial,/comparatif-iptv
meilleur site iptv,500,Commercial,/comparatif-iptv
mu3 iptv,500,Commercial,/comparatif-iptv
nano iptv,500,Commercial,/comparatif-iptv
nanomid,500,Commercial,/comparatif-iptv
neo iptv,500,Commercial,/comparatif-iptv
neo tv pro,500,Commercial,/comparatif-iptv
neox2 iptv,500,Commercial,/comparatif-iptv
obs iptv,500,Commercial,/comparatif-iptv
platinum iptv,500,Commercial,/comparatif-iptv
playiptv,500,Commercial,/comparatif-iptv
pro iptv,500,Commercial,/comparatif-iptv
provider iptv,500,Commercial,/comparatif-iptv
purple iptv,500,Commercial,/comparatif-iptv
royal iptv,500,Commercial,/comparatif-iptv
royaliptv,500,Commercial,/comparatif-iptv
saphir iptv,500,Commercial,/comparatif-iptv
service iptv,500,Commercial,/comparatif-iptv
strong iptv,500,Commercial,/comparatif-iptv
subtv iptv,500,Commercial,/comparatif-iptv
top iptv,500,Commercial,/comparatif-iptv
top1iptv,500,Commercial,/comparatif-iptv
vipiptv,500,Commercial,/comparatif-iptv
vision iptv,500,Commercial,/comparatif-iptv
watched iptv,500,Commercial,/comparatif-iptv
worldwide iptv,500,Commercial,/comparatif-iptv
xiplayer iptv,500,Commercial,/comparatif-iptv
xiptv,500,Commercial,/comparatif-iptv
xplayer iptv,500,Commercial,/comparatif-iptv
atlas pro ontv iphone,50,Informational,/comparatif-iptv
atlas pro ontv sur tv samsung,50,Informational,/comparatif-iptv
atlas pro ott,50,Commercial,/comparatif-iptv
iptv connect pro,50,Commercial,/comparatif-iptv
iptv flex,50,Commercial,/comparatif-iptv
iptv high tech,50,Commercial,/comparatif-iptv
iptv life,50,Commercial,/comparatif-iptv
iptv mondial,50,Commercial,/comparatif-iptv
iptv motion,50,Commercial,/comparatif-iptv
iptv mu3,50,Commercial,/comparatif-iptv
iptv purple,50,Commercial,/comparatif-iptv
iptv run,50,Commercial,/comparatif-iptv
iptv set,50,Commercial,/comparatif-iptv
iptv shark,50,Commercial,/comparatif-iptv
iptv tech,50,Commercial,/comparatif-iptv
iptv total,50,Commercial,/comparatif-iptv
iptv trustpilot,50,Informational,/comparatif-iptv
iptv xyz,50,Commercial,/comparatif-iptv
iptv+,50,Commercial,/comparatif-iptv
iptv24,50,Commercial,/comparatif-iptv
iptv365,50,Commercial,/comparatif-iptv
iptv4on,50,Commercial,/comparatif-iptv
iptv4u,50,Commercial,/comparatif-iptv
iptvfull,50,Commercial,/comparatif-iptv
iptvgold,50,Commercial,/comparatif-iptv
iptvisuel,50,Commercial,/comparatif-iptv
iptvone,50,Commercial,/comparatif-iptv
iptvplus,50,Commercial,/comparatif-iptv
iptvstore,50,Commercial,/comparatif-iptv
lux iptv,50,Commercial,/comparatif-iptv
magic iptv,50,Commercial,/comparatif-iptv
magnum iptv,50,Commercial,/comparatif-iptv
magnum ott,50,Commercial,/comparatif-iptv
majax31 iptv,50,Commercial,/comparatif-iptv
max iptv,50,Commercial,/comparatif-iptv
max ott iptv,50,Commercial,/comparatif-iptv
mega ott,50,Commercial,/comparatif-iptv
mega ott iptv,50,Commercial,/comparatif-iptv
megaiptv,50,Commercial,/comparatif-iptv
megaott iptv,50,Commercial,/comparatif-iptv
megaott net,50,Commercial,/comparatif-iptv
mitvpro,50,Commercial,/comparatif-iptv
moonplayer iptv,50,Commercial,/comparatif-iptv
neo tv pro 2,50,Commercial,/comparatif-iptv
neotv pro,50,Commercial,/comparatif-iptv
neotv pro 2,50,Commercial,/comparatif-iptv
neox iptv,50,Commercial,/comparatif-iptv
nettv iptv,50,Commercial,/comparatif-iptv
niptv,50,Commercial,/comparatif-iptv
nord iptv,50,Commercial,/comparatif-iptv
one player iptv,50,Commercial,/comparatif-iptv
one tv iptv,50,Commercial,/comparatif-iptv
ott plus player,50,Commercial,/comparatif-iptv
ott plus v2,50,Commercial,/comparatif-iptv
ott pro box,50,Commercial,/comparatif-iptv
ott+ player,50,Commercial,/comparatif-iptv
ottclub player,50,Commercial,/comparatif-iptv
panda iptv,50,Commercial,/comparatif-iptv
pandar iptv,50,Commercial,/comparatif-iptv
perfectiptv,50,Commercial,/comparatif-iptv
phoenix iptv,50,Commercial,/comparatif-iptv
player iptv solutions,50,Commercial,/comparatif-iptv
prestige iptv,50,Commercial,/comparatif-iptv
primeiptv,50,Commercial,/comparatif-iptv
pure iptv légal,50,Commercial,/comparatif-iptv
qhdtvpro,50,Commercial,/comparatif-iptv
quzu iptv,50,Commercial,/comparatif-iptv
royale iptv,50,Commercial,/comparatif-iptv
sharkiptv,50,Commercial,/comparatif-iptv
simpleiptv,50,Commercial,/comparatif-iptv
sniper iptv,50,Commercial,/comparatif-iptv
sonic iptv,50,Commercial,/comparatif-iptv
super iptv,50,Commercial,/comparatif-iptv
super tv iptv,50,Commercial,/comparatif-iptv
teli iptv,50,Commercial,/comparatif-iptv
terra iptv,50,Commercial,/comparatif-iptv
tiger iptv,50,Commercial,/comparatif-iptv
trustpilot iptv,50,Informational,/comparatif-iptv
tv team iptv,50,Commercial,/comparatif-iptv
wise iptv,50,Commercial,/comparatif-iptv
wise iptv player,50,Commercial,/comparatif-iptv
wolf iptv,50,Commercial,/comparatif-iptv
x iptv,50,Commercial,/comparatif-iptv
xtreamtv,50,Commercial,/comparatif-iptv
yootix tv,50,Commercial,/comparatif-iptv
yu2go,50,Commercial,/comparatif-iptv
downloader iptv,500,Informational,/downloader-iptv
iptv smarter pro downloader,500,Informational,/downloader-iptv
iptv smarters downloader,500,Informational,/downloader-iptv
iptv smasters pro downloader,500,Informational,/downloader-iptv
smart iptv downloader,500,Informational,/downloader-iptv
iptv sur fire stick,50,Informational,/downloader-iptv
smart iptv fire stick,50,Informational,/downloader-iptv
smarters iptv fire stick,50,Commercial,/downloader-iptv
iptv tester,5000,Informational,/essai-gratuit
iptv free trial,1900,Commercial,/essai-gratuit
test iptv,1600,Commercial,/essai-gratuit
iptv test,1000,Commercial,/essai-gratuit
essai iptv,720,Commercial,/essai-gratuit
iptv essai,720,Commercial,/essai-gratuit
iptv tester gratuitement,720,Commercial,/essai-gratuit
iptv 24h,500,Commercial,/essai-gratuit
iptv essaie gratuit,500,Commercial,/essai-gratuit
trial iptv,500,Commercial,/essai-gratuit
iptv trial 48,50,Commercial,/essai-gratuit
flix ip tv,5000,Commercial,/flix-iptv
flixiptv,5000,Commercial,/flix-iptv
ibo player prix,500,Commercial,/ibo-player
android iptv player,500,Commercial,/iptv-android-france
iptv smasters pro android,500,Commercial,/iptv-android-france
meilleur lecteur iptv android,500,Commercial,/iptv-android-france
iplaytv android,50,Informational,/iptv-android-france
iptv smasters player android,50,Informational,/iptv-android-france
iptv google tv,500,Informational,/iptv-android-tv-france
iptv android tv,50,Informational,/iptv-android-tv-france
iptv nvidia shield,50,Commercial,/iptv-android-tv-france
iptv smarters android tv,50,Informational,/iptv-android-tv-france
iptv smasters pro android tv,50,Informational,/iptv-android-tv-france
iptvx android,50,Commercial,/iptv-android-tv-france
nokia streaming box 8000 iptv,50,Commercial,/iptv-android-tv-france
iplaytv,500,Commercial,/iptv-apple-tv-france
iptv apple,500,Commercial,/iptv-apple-tv-france
iptv apple tv,500,Informational,/iptv-apple-tv-france
iptv sur apple tv,500,Informational,/iptv-apple-tv-france
iptvx,500,Commercial,/iptv-apple-tv-france
iplaytv apple tv,50,Informational,/iptv-apple-tv-france
iptv apple tv 4k,50,Informational,/iptv-apple-tv-france
iptv smasters apple tv,50,Informational,/iptv-apple-tv-france
iptvx apple tv,50,Commercial,/iptv-apple-tv-france
chromecast iptv,500,Commercial,/iptv-chromecast-france
iptv google chromecast,50,Informational,/iptv-chromecast-france
iptv smasters chromecast,50,Informational,/iptv-chromecast-france
iptv smasters pro chromecast,50,Informational,/iptv-chromecast-france
iptv sur chromecast,50,Informational,/iptv-chromecast-france
iptv enigma2,500,Informational,/iptv-enigma2
iptv satellite,500,Commercial,/iptv-enigma2
prosat iptv,500,Commercial,/iptv-enigma2
amiko a6n,50,Commercial,/iptv-enigma2
amiko a9 green,50,Commercial,/iptv-enigma2
amiko a9z pro,50,Commercial,/iptv-enigma2
dreamtv mini ultra hd,50,Commercial,/iptv-enigma2
iptv dreambox,50,Commercial,/iptv-enigma2
sansat iptv,50,Commercial,/iptv-enigma2
xsarius avant 2,50,Commercial,/iptv-enigma2
xsarius iptv,50,Commercial,/iptv-enigma2
xsarius pure,50,Commercial,/iptv-enigma2
xsarius pure 2,50,Commercial,/iptv-enigma2
xsarius q3,50,Commercial,/iptv-enigma2
xsarius sniper,50,Commercial,/iptv-enigma2
xsarius sniper 4k,50,Commercial,/iptv-enigma2
xsarius sniper x,50,Commercial,/iptv-enigma2
cle amazon iptv,5000,Commercial,/iptv-firestick-france
ip tv amazon,5000,Commercial,/iptv-firestick-france
boitier iptv amazon,1300,Commercial,/iptv-firestick-france
cle iptv,1000,Commercial,/iptv-firestick-france
cle iptv amazon,720,Commercial,/iptv-firestick-france
amazon fire stick iptv,500,Commercial,/iptv-firestick-france
amazon fire tv stick iptv,500,Commercial,/iptv-firestick-france
fire tv iptv,500,Commercial,/iptv-firestick-france
fire tv stick iptv,500,Commercial,/iptv-firestick-france
iptv amazon,500,Commercial,/iptv-firestick-france
iptv amazon stick,500,Commercial,/iptv-firestick-france
iptv fire stick,500,Commercial,/iptv-firestick-france
iptv stick,500,Commercial,/iptv-firestick-france
iptv stick amazon,500,Commercial,/iptv-firestick-france
iptv sur amazon stick,50,Informational,/iptv-firestick-france
iptvfrance,5000,Commercial,/iptv-france
france iptv,4400,Commercial,/iptv-france
iptv freebox,500,Informational,/iptv-freebox
iptv isp,500,Informational,/iptv-freebox
iptv orange,500,Commercial,/iptv-freebox
télécharger iptv sur freebox révolution,50,Informational,/iptv-freebox
iptv hisense vidaa,50,Informational,/iptv-hisense-vidaa
iptv vidaa,50,Informational,/iptv-hisense-vidaa
smart iptv hisense vidaa,50,Informational,/iptv-hisense-vidaa
vidaa iptv,50,Informational,/iptv-hisense-vidaa
iptv iphone,500,Informational,/iptv-ios-france
iptv sur iphone,500,Informational,/iptv-ios-france
iptv ipad,50,Informational,/iptv-ios-france
iptv mobile,50,Commercial,/iptv-ios-france
iptv smasters iphone,50,Informational,/iptv-ios-france
iptv smasters pro iphone,50,Informational,/iptv-ios-france
iptv telephone,50,Commercial,/iptv-ios-france
ip tv kodi,500,Informational,/iptv-kodi-france
jellyfin iptv,500,Informational,/iptv-kodi-france
kodi ip tv,500,Informational,/iptv-kodi-france
kodi iptv,500,Informational,/iptv-kodi-france
stremio iptv,500,Informational,/iptv-kodi-france
iptv sur kodi,50,Informational,/iptv-kodi-france
m3u kodi,50,Informational,/iptv-kodi-france
ip tv lg,500,Informational,/iptv-lg-tv-france
iptv lg,500,Informational,/iptv-lg-tv-france
iptv tv lg,500,Informational,/iptv-lg-tv-france
iptv lg smart,50,Informational,/iptv-lg-tv-france
iptv lg webos,50,Informational,/iptv-lg-tv-france
iptv smasters lg,50,Informational,/iptv-lg-tv-france
iptv smasters lg tv,50,Informational,/iptv-lg-tv-france
iptv smasters player lg,50,Informational,/iptv-lg-tv-france
iptv smasters pro lg,50,Informational,/iptv-lg-tv-france
iptv smasters pro lg tv,50,Informational,/iptv-lg-tv-france
infomir mag,50,Commercial,/iptv-mag-box-france
infomir mag 254,50,Commercial,/iptv-mag-box-france
infomir mag 322,50,Commercial,/iptv-mag-box-france
infomir mag 520,50,Commercial,/iptv-mag-box-france
mag 254,50,Commercial,/iptv-mag-box-france
mag 256,50,Commercial,/iptv-mag-box-france
mag 322,50,Commercial,/iptv-mag-box-france
mag 410,50,Commercial,/iptv-mag-box-france
mag 420w1,50,Commercial,/iptv-mag-box-france
mag 424,50,Commercial,/iptv-mag-box-france
mag 424w3,50,Commercial,/iptv-mag-box-france
mag 425a,50,Commercial,/iptv-mag-box-france
mag 520w3,50,Commercial,/iptv-mag-box-france
mag420w1,50,Commercial,/iptv-mag-box-france
mag425a,50,Commercial,/iptv-mag-box-france
tv box mag,50,Commercial,/iptv-mag-box-france
tvip s box,50,Commercial,/iptv-mag-box-france
iptv macbook,500,Informational,/iptv-pc-mac
iptv online player,500,Commercial,/iptv-pc-mac
iptv pc,500,Informational,/iptv-pc-mac
iptv pour pc,500,Informational,/iptv-pc-mac
iptv smasters pro mac,500,Informational,/iptv-pc-mac
iptv sur mac,500,Informational,/iptv-pc-mac
iptv sur pc,500,Informational,/iptv-pc-mac
iptv web,500,Informational,/iptv-pc-mac
lecteur m3u en ligne,500,Informational,/iptv-pc-mac
iptv browser,50,Informational,/iptv-pc-mac
iptv chrome,50,Informational,/iptv-pc-mac
iptv laptop,50,Informational,/iptv-pc-mac
iptv smasters linux,50,Informational,/iptv-pc-mac
iptv smasters mac,50,Informational,/iptv-pc-mac
iptv smasters mac os,50,Informational,/iptv-pc-mac
iptv smasters online,50,Commercial,/iptv-pc-mac
iptv smasters player mac,50,Informational,/iptv-pc-mac
iptv smasters pro macbook,50,Informational,/iptv-pc-mac
iptv smasters pro web,50,Informational,/iptv-pc-mac
iptv smasters web,50,Commercial,/iptv-pc-mac
m3u player online,50,Informational,/iptv-pc-mac
m3u player pc,50,Informational,/iptv-pc-mac
mac iptv,50,Informational,/iptv-pc-mac
smart iptv mac,50,Informational,/iptv-pc-mac
smart iptv pc,50,Informational,/iptv-pc-mac
smasters iptv pc,50,Informational,/iptv-pc-mac
web iptv smasters,50,Informational,/iptv-pc-mac
premium iptv,1900,Commercial,/iptv-premium
premium iptv tv,1600,Commercial,/iptv-premium
abonnement iptv premium,720,Commercial,/iptv-premium
abonnements iptv premium,590,Commercial,/iptv-premium
iptv premium 4k,500,Commercial,/iptv-premium
iptv ps5,500,Informational,/iptv-ps5
iptv sur ps5,500,Informational,/iptv-ps5
iptv ps3,50,Informational,/iptv-ps5
ip tv samsung,500,Informational,/iptv-samsung-tv-france
iptv samsung,500,Informational,/iptv-samsung-tv-france
iptv samsung tv,500,Informational,/iptv-samsung-tv-france
iptv smasters pro ne fonctionne pas sur tv samsung,500,Informational,/iptv-samsung-tv-france
iptv smasters pro samsung tv,500,Informational,/iptv-samsung-tv-france
iptv sur samsung,500,Informational,/iptv-samsung-tv-france
iptv sur tv samsung,500,Informational,/iptv-samsung-tv-france
iptv samsung smart tv,50,Informational,/iptv-samsung-tv-france
iptv samsung tizen,50,Informational,/iptv-samsung-tv-france
iptv smasters samsung,50,Informational,/iptv-samsung-tv-france
iptv smasters samsung tv,50,Informational,/iptv-samsung-tv-france
iptv smasters tv samsung,50,Informational,/iptv-samsung-tv-france
iptv tizen,50,Informational,/iptv-samsung-tv-france
smasters iptv samsung,50,Informational,/iptv-samsung-tv-france
smasters player samsung,50,Informational,/iptv-samsung-tv-france
smasters pro samsung,50,Informational,/iptv-samsung-tv-france
xciptv samsung,50,Commercial,/iptv-samsung-tv-france
xciptv samsung tv,50,Commercial,/iptv-samsung-tv-france
ip tv smart tv,500,Informational,/iptv-smart-tv-france
iptv sur smart tv,500,Informational,/iptv-smart-tv-france
iptv panasonic,50,Informational,/iptv-smart-tv-france
iptv philips,50,Informational,/iptv-smart-tv-france
iptv smasters pro smart tv,50,Informational,/iptv-smart-tv-france
iptv smasters smart tv,50,Informational,/iptv-smart-tv-france
iptv sony,50,Informational,/iptv-smart-tv-france
iptv tcl,50,Informational,/iptv-smart-tv-france
ip tv smarters pro,50000,Commercial,/iptv-smarters-pro
iptv smarters pro,50000,Commercial,/iptv-smarters-pro
ip tv smarter pro,5000,Commercial,/iptv-smarters-pro
iptv smarters,5000,Commercial,/iptv-smarters-pro
iptv smarters player,5000,Commercial,/iptv-smarters-pro
smarters iptv,5000,Commercial,/iptv-smarters-pro
smarters iptv pro,5000,Commercial,/iptv-smarters-pro
smarters pro,5000,Commercial,/iptv-smarters-pro
smarterspro,5000,Commercial,/iptv-smarters-pro
smarter pro,1900,Commercial,/iptv-smarters-pro
i. p. t. v. smarter pro,720,Commercial,/iptv-smarters-pro
abonnement iptv smarters pro,590,Commercial,/iptv-smarters-pro
ip smarter pro,500,Commercial,/iptv-smarters-pro
ip tv smart pro,500,Commercial,/iptv-smarters-pro
iptv smarters com,500,Commercial,/iptv-smarters-pro
iptv smasters pro apple,500,Informational,/iptv-smarters-pro
iptv smasters pro premium,500,Commercial,/iptv-smarters-pro
iptv smasters pro tv,500,Commercial,/iptv-smarters-pro
smarter player pro,500,Commercial,/iptv-smarters-pro
smarters iptv player,500,Commercial,/iptv-smarters-pro
smarters player pro,500,Commercial,/iptv-smarters-pro
smarters pro iptv,500,Commercial,/iptv-smarters-pro
iptv smasters free,50,Informational,/iptv-smarters-pro
iptv smasters google play,50,Informational,/iptv-smarters-pro
iptv smasters lite,50,Commercial,/iptv-smarters-pro
iptv smasters m3u,50,Informational,/iptv-smarters-pro
iptv smasters pc,50,Informational,/iptv-smarters-pro
iptv smasters pro apkpure,50,Informational,/iptv-smarters-pro
iptv smasters pro com,50,Commercial,/iptv-smarters-pro
iptv smasters pro fire stick,50,Informational,/iptv-smarters-pro
iptv smasters pro google play,50,Informational,/iptv-smarters-pro
iptv smasters pro lite,50,Commercial,/iptv-smarters-pro
iptv smasters pro m3u,50,Informational,/iptv-smarters-pro
iptv smasters pro sur pc,50,Informational,/iptv-smarters-pro
iptv smasters reddit,50,Informational,/iptv-smarters-pro
iptv smasters tv,50,Commercial,/iptv-smarters-pro
smarters ip tv,50,Commercial,/iptv-smarters-pro
tv smarters,50,Commercial,/iptv-smarters-pro
tv smarters pro,50,Commercial,/iptv-smarters-pro
ip tv stream player,5000,Commercial,/iptv-stream-player
iptv stream player,5000,Commercial,/iptv-stream-player
iptv stream,500,Commercial,/iptv-stream-player
iptv stream player smart tv,500,Commercial,/iptv-stream-player
stream iptv,500,Commercial,/iptv-stream-player
stream player iptv,500,Commercial,/iptv-stream-player
iptv stream player pc,50,Informational,/iptv-stream-player
iptv stream player pro,50,Commercial,/iptv-stream-player
iptv stream pro,50,Commercial,/iptv-stream-player
ip tv vlc,500,Informational,/iptv-vlc
iptv sur vlc,500,Informational,/iptv-vlc
iptv vlc,500,Informational,/iptv-vlc
iptv vlc media player,500,Informational,/iptv-vlc
iptv vlc player,500,Informational,/iptv-vlc
vlc ip tv,500,Informational,/iptv-vlc
application iptv windows,590,Informational,/iptv-windows-france
iptv player pc,500,Informational,/iptv-windows-france
iptv smarters pc,500,Informational,/iptv-windows-france
iptv smasters pro pc,500,Informational,/iptv-windows-france
myiptv player,500,Commercial,/iptv-windows-france
iptv smasters pour pc,50,Informational,/iptv-windows-france
perfect player pc,50,Commercial,/iptv-windows-france
smasters player pro pc,50,Informational,/iptv-windows-france
smasters pro pc,50,Informational,/iptv-windows-france
box android iptv,500,Commercial,/iptv-x96-mini
iptv box android,500,Commercial,/iptv-x96-mini
iptv x96,500,Commercial,/iptv-x96-mini
x96 mini iptv,500,Commercial,/iptv-x96-mini
iptv x96 mini,50,Commercial,/iptv-x96-mini
x96q iptv,50,Commercial,/iptv-x96-mini
mi box iptv,500,Commercial,/iptv-xiaomi-mi-box
xiaomi iptv,500,Commercial,/iptv-xiaomi-mi-box
xiaomi iptv box,500,Commercial,/iptv-xiaomi-mi-box
xiaomi mi box iptv,500,Commercial,/iptv-xiaomi-mi-box
iptv xiaomi mi box,50,Commercial,/iptv-xiaomi-mi-box
mi iptv,50,Commercial,/iptv-xiaomi-mi-box
xiaomi mi box s iptv,50,Commercial,/iptv-xiaomi-mi-box
xiaomi mi tv stick iptv,50,Commercial,/iptv-xiaomi-mi-box
iptv tf1,50,Commercial,/liste-chaines
iptv tnt,50,Commercial,/liste-chaines
tf1 iptv,50,Commercial,/liste-chaines
lxtream,5000,Commercial,/lxtream
lxtream player,500,Commercial,/lxtream
leadcool lxtream,50,Commercial,/lxtream
lxtream android tv,50,Informational,/lxtream
lxtream télécharger,50,Informational,/lxtream
meilleur iptv,5400,Commercial,/meilleur-iptv-france
meilleur ip tv,5000,Commercial,/meilleur-iptv-france
meilleure iptv,5000,Commercial,/meilleur-iptv-france
meilleurs iptv,1300,Commercial,/meilleur-iptv-france
meilleure iptv 2026,1000,Commercial,/meilleur-iptv-france
meilleurs abonnements iptv,1000,Commercial,/meilleur-iptv-france
meilleur abonnements iptv,880,Commercial,/meilleur-iptv-france
abonnement iptv,22200,Commercial,/page.tsx
iptv abonnement,14800,Commercial,/page.tsx
iptv france,9900,Commercial,/page.tsx
iptv premium,6600,Commercial,/page.tsx
french iptv,2900,Commercial,/page.tsx
abonnement iptv france,1300,Commercial,/page.tsx
iptv pas cher,5000,Commercial,/prix-iptv
iptv prix,5000,Commercial,/prix-iptv
prix iptv,5000,Commercial,/prix-iptv
abonnement iptv 12 mois smart tv,1600,Commercial,/prix-iptv
iptv abonne,880,Commercial,/prix-iptv
abonnement iptv pas cher,590,Commercial,/prix-iptv
buy iptv,500,Commercial,/prix-iptv
iptv 1 mois,500,Commercial,/prix-iptv
iptv 12 mois,500,Commercial,/prix-iptv
iptv meilleur rapport qualité prix,50,Commercial,/prix-iptv
iptv promo,50,Commercial,/prix-iptv
ip tv smart,5000,Commercial,/smart-iptv
iptv smart,5000,Commercial,/smart-iptv
my sip tv,5000,Commercial,/smart-iptv
my siptv,5000,Commercial,/smart-iptv
smart iptv,5000,Commercial,/smart-iptv
smart iptv ip,3600,Informational,/smart-iptv
smart box tivi,1300,Commercial,/smart-iptv
smart iptv lite,500,Commercial,/smart-iptv
smart iptv player,500,Commercial,/smart-iptv
smart iptv samsung,500,Informational,/smart-iptv
smart plus iptv,500,Commercial,/smart-iptv
smart pro iptv,500,Commercial,/smart-iptv
smart pro tv,500,Commercial,/smart-iptv
smart x2 iptv,500,Commercial,/smart-iptv
sip iptv,50,Commercial,/smart-iptv
sip tv,50,Commercial,/smart-iptv
siptv list,50,Informational,/smart-iptv
siptv my list,50,Informational,/smart-iptv
smart iptv android tv,50,Informational,/smart-iptv
smart iptv bloqué au chargement,50,Informational,/smart-iptv
smart iptv com,50,Commercial,/smart-iptv
smart iptv list,50,Informational,/smart-iptv
smart iptv liste,50,Informational,/smart-iptv
smart iptv ou iptv smasters pro,50,Informational,/smart-iptv
smart iptv philips,50,Informational,/smart-iptv
smart iptv sony,50,Informational,/smart-iptv
smart iptv tizen,50,Informational,/smart-iptv
smarterstv,50,Commercial,/smart-iptv
smartgo iptv,50,Commercial,/smart-iptv
smartgo tv,50,Commercial,/smart-iptv
smarters players lite,50000,Commercial,/smarters-player-lite
iptv smarters lite,5000,Commercial,/smarters-player-lite
smart player lite,5000,Commercial,/smarters-player-lite
smarters player,5000,Commercial,/smarters-player-lite
iptv smasters player lite,500,Commercial,/smarters-player-lite
smarters player lite android tv,500,Informational,/smarters-player-lite
smarters player lite sur tv,500,Informational,/smarters-player-lite
iptv smasters player samsung,50,Informational,/smarters-player-lite
smarters iptv lite,50,Commercial,/smarters-player-lite
smasters player lite firestick,50,Commercial,/smarters-player-lite
smasters player lite samsung tv,50,Informational,/smarters-player-lite
smasters player lite sur android tv,50,Informational,/smarters-player-lite
smasters player lite sur tv samsung,50,Informational,/smarters-player-lite
smasters player lite tv,50,Informational,/smarters-player-lite
smasters player lite télécharger,50,Informational,/smarters-player-lite
smasters player tv,50,Commercial,/smarters-player-lite
smasters pro lite,50,Commercial,/smarters-player-lite
smasters pro tv,50,Commercial,/smarters-player-lite
smasters tv,50,Commercial,/smarters-player-lite
smasters tv pro,50,Commercial,/smarters-player-lite
ss iptv,1300,Commercial,/ss-iptv
stb emu pro,500,Commercial,/stbemu
iptv stbemu,50,Commercial,/stbemu
stbemu 4k,50,Commercial,/stbemu
stbemu iptv,50,Commercial,/stbemu
stbemu pro,50,Commercial,/stbemu
tivi mate,50000,Commercial,/tivimate
tivimate iptv player,5000,Commercial,/tivimate
tivimate premium,5000,Commercial,/tivimate
iptv tivimate,500,Commercial,/tivimate
tivimate iptv,500,Commercial,/tivimate
tivimate pc,500,Informational,/tivimate
tivimate pro,500,Commercial,/tivimate
tivimate apple,50,Informational,/tivimate
tivimate iptv player premium,50,Commercial,/tivimate
tivimate lg,50,Informational,/tivimate
tivimate lg tv,50,Informational,/tivimate
tivimate m3u,50,Informational,/tivimate
tivimate mac,50,Informational,/tivimate
tivimate player,50,Commercial,/tivimate
tivimate premium prix,50,Commercial,/tivimate
tivimate samsung,50,Informational,/tivimate
