keyword,monthly_volume,intent,reason
rustavi 2 iptv ge,500,Commercial,Excluded market (Georgia / Caucasus)
iptv ge imedi,50,Commercial,Excluded market (Georgia / Caucasus)
iptv maroc,720,Commercial,Excluded market (North Africa / Middle East / Africa)
iptv arabic,500,Commercial,Excluded market (North Africa / Middle East / Africa)
yacine iptv,500,Commercial,Excluded market (North Africa / Middle East / Africa)
iptv africa,50,Commercial,Excluded market (North Africa / Middle East / Africa)
iptv arab,50,Commercial,Excluded market (North Africa / Middle East / Africa)
iptv maroc telecom,50,Commercial,Excluded market (North Africa / Middle East / Africa)
mytek iptv,50,Commercial,Excluded market (North Africa / Middle East / Africa)
startimes iptv,50,Commercial,Excluded market (North Africa / Middle East / Africa)
zain tv iptv,50,Commercial,Excluded market (North Africa / Middle East / Africa)
iptv rive nord,50,Commercial,"French-Canada track — separate market, not fr-FR"
evybuy,5000,Commercial,Marketplace / retailer brand — covered generically on /prix-iptv or /boitier-iptv
z2u iptv,880,Commercial,Marketplace / retailer brand — covered generically on /prix-iptv or /boitier-iptv
iptv 12 mois - cdiscount,720,Commercial,Marketplace / retailer brand — covered generically on /prix-iptv or /boitier-iptv
boitier iptv boulanger,590,Commercial,Marketplace / retailer brand — covered generically on /prix-iptv or /boitier-iptv
alibaba iptv,500,Commercial,Marketplace / retailer brand — covered generically on /prix-iptv or /boitier-iptv
iptv aliexpress,500,Commercial,Marketplace / retailer brand — covered generically on /prix-iptv or /boitier-iptv
iptv cdiscount,500,Commercial,Marketplace / retailer brand — covered generically on /prix-iptv or /boitier-iptv
iptv premium aliexpress,500,Commercial,Marketplace / retailer brand — covered generically on /prix-iptv or /boitier-iptv
iptvshop,500,Commercial,Marketplace / retailer brand — covered generically on /prix-iptv or /boitier-iptv
iptv televizija,500,Commercial,Off-language market (Albanian / Balkan) — not a French-language page
iptv kanali,50,Informational,Off-language market (Albanian / Balkan) — not a French-language page
iptv ponuda,50,Commercial,Off-language market (Albanian / Balkan) — not a French-language page
iptv programi,50,Commercial,Off-language market (Albanian / Balkan) — not a French-language page
iptv shqip live,50,Commercial,Off-language market (Albanian / Balkan) — not a French-language page
chaine iptv,720,Commercial,Premium channel / rights-holder name — no dedicated page (rights / infringement risk)
canal iptv,500,Commercial,Premium channel / rights-holder name — no dedicated page (rights / infringement risk)
iptv bein sport,500,Commercial,Premium channel / rights-holder name — no dedicated page (rights / infringement risk)
iptv champions league,50,Commercial,Premium channel / rights-holder name — no dedicated page (rights / infringement risk)
iptv discovery,50,Informational,Premium channel / rights-holder name — no dedicated page (rights / infringement risk)
iptv eurosport,50,Commercial,Premium channel / rights-holder name — no dedicated page (rights / infringement risk)
iptv f1,50,Commercial,Premium channel / rights-holder name — no dedicated page (rights / infringement risk)
iptv hbo,50,Informational,Premium channel / rights-holder name — no dedicated page (rights / infringement risk)
iptv hbo max,50,Informational,Premium channel / rights-holder name — no dedicated page (rights / infringement risk)
iptv nba,50,Commercial,Premium channel / rights-holder name — no dedicated page (rights / infringement risk)
iptv netflix,50,Informational,Premium channel / rights-holder name — no dedicated page (rights / infringement risk)
iptv netflix amazon,50,Informational,Premium channel / rights-holder name — no dedicated page (rights / infringement risk)
iptv netflix disney+ amazon,50,Informational,Premium channel / rights-holder name — no dedicated page (rights / infringement risk)
iptv pluto tv,50,Informational,Premium channel / rights-holder name — no dedicated page (rights / infringement risk)
iptv soccer,50,Commercial,Premium channel / rights-holder name — no dedicated page (rights / infringement risk)
iptv ufc,50,Commercial,Premium channel / rights-holder name — no dedicated page (rights / infringement risk)
